{
    "rmse": 0.10896621717701542,
    "mae": 0.08699837414281156,
    "r2": 0.3851361148636274
}