{
    "rmse": 0.10890723787214743,
    "mae": 0.08699026858714064,
    "r2": 0.38580154000618794
}