{
    "rmse": 0.09098683463832526,
    "mae": 0.0691054527510356,
    "r2": 0.5713011196985167
}